Tweet,Category,Tweet Preprocessed
@Lordoftheboard3 CHEATERS AND THIEVES I‚Äôve lost so many consecutive games I lost count - opponent gets PERFECT rolls and countless doubles.  Games STOLEN - games are 100% absolutely rigged.  CHEATERS AND THIEVES.  But it‚Äôs my fault for playing.  CHEATERS AND THIEVES,Gaming,lordoftheboard cheaters and thieves ive lost so many consecutive games i lost count opponent gets perfect rolls and countless doubles games stolen games are  absolutely rigged cheaters and thieves but its my fault for playing cheaters and thieves
"Applied for job positions at 100 Thieves and TSM, one day I'll get there, who knows",Gaming,applied for job positions at  thieves and tsm one day ill get there who knows
it's jhb day!! happy birthday jhbteam my favourite 100 thieves senior intern https://t.co/VVhrvye4gI,Gaming,its jhb day happy birthday jhbteam my favourite  thieves senior intern
"Once again, I wouldn't eat a burger made by anyone on Team Solo Mid, y'all can keep your food to yourselves.

100 Thieves on the other hand, we all know Nadeshot's history. https://t.co/0VT6u8tf57",Gaming,once again i wouldnt eat a burger made by anyone on team solo mid yall can keep your food to yourselves  thieves on the other hand we all know nadeshots history
@Mad_Magical Evil Geniuses and 100 Thieves going to carry talent development for NA.,Gaming,mad magical evil geniuses and  thieves going to carry talent development for na
"@SpradlinLaura @JacquesDutronc @CA_EDD Thanks for the kind words. I reported them to my state Rep. Got through two more times after another 100 calls. But, they keep hanging up on before I can talk to someone. @GavinNewsom @RichardBloom Please Do something. @CA_EDD You are corrupt liars, thieves and criminals.",Politics,spradlin laura jacques dutronc c a e d d thanks for the kind words i reported them to my state rep got through two more times after another  calls but they keep hanging up on before i can talk to someone gavin newsom richard bloom please do something c a e d d you are corrupt liars thieves and criminals
"Am I judging a book by its cover:

Or are ‚ÄúGaming Orgs‚Äù like 100 Thieves, Faze Clan (etc) just safe spaces for bro culture, toxic masculinity, and Paul Brothers‚Äô levels of Ego?

Please educate me, y‚Äôall! I want to learn, and I‚Äôm probably VERY wrong! Just curious about the appeal!",Gaming,am i judging a book by its cover or are gaming orgs like  thieves faze clan etc just safe spaces for bro culture toxic masculinity and paul brothers levels of ego please educate me yall i want to learn and im probably very wrong just curious about the appeal
"@RobinhoodApp üòÇüòÇ YOU MF THIEVES!!!!!!!!!!!!!!!!!!!! WHEN YOU WANNA BUY $100 in bitcoin, lets say the price at the time is $50250, buy $100 and see your avg at $50300/ $50310",Gaming,robinhood app you mf thieves when you wanna buy  in bitcoin lets say the price at the time is  buy  and see your avg at  
"Gang Of Thieves Swarms Louis Vuitton Store, Swipes $100,000+ In Handbags ‚Äì CBS¬†Seattle https://t.co/44AuWo0pJq",Gaming,gang of thieves swarms louis vuitton store swipes  in handbags cbsseattle
I told y‚Äôall Thieves wouldn‚Äôt beat LAG on lan. But they will 100% lose to Florida.,Gaming,i told yall thieves wouldnt beat lag on lan but they will  lose to florida
@alex_dreyfus @Chiliz @CoinbasePro @sixers You bunch of thieves. Account elliot.garnier@gmail.com is blocked since 4 months. You stole all my money. WHEN ARE YOU GOING TO REPLY TO MY 100+MESSAGES?,Gaming,chiliz coinbase pro you bunch of thieves account is blocked since  months you stole all my money when are you going to reply to my messages
"@INTELCallofDuty @LAGuerrillas @LAThieves @XPSlayr zero clutch factor
roster changes every 2-3 weeks
incompetent staff
incompetent players
800k for a player to write his name wrong
can't beat a team that's lost their last 6 games

25 mil from 100 Thieves pockets",Gaming,i n t e l callof duty l a guerrillas l a thieves x p slayr zero clutch factor roster changes every  weeks incompetent staff incompetent players k for a player to write his name wrong cant beat a team thats lost their last  games  mil from  thieves pockets
100 Thieves is not a good COD Org! They always lose to these terrible teams!,Gaming, thieves is not a good cod org they always lose to these terrible teams
#ELONGATE IS A F3CK1NG JOKE. Price now the same when they launched 4/8. 100% No Love for the #HODL  #ElonMusk SCUM BAG DEV TEAM THIEVES.,Gaming,elongate is a fckng joke price now the same when they launched   no love for the hodl elonmusk scum bag dev team thieves
@NotYourGill @BrosephSZN @NAMELESS NAdeshot and 100 thieves look so stupid right now,Gaming,not your gill broseph s z n n a m e l e s s nadeshot and  thieves look so stupid right now
@itshundredz @HisandHersLive @PlayApex If we add all 3 our ages up we would be 100 Thieves. @Nadeshot what do you say?,Gaming,hisand hers live play apex if we add all  our ages up we would be  thieves nadeshot what do you say
LET'S GO 100 THIEVES.,Gaming,lets go  thieves
@theking_keem You seem like the kind of guy to be in 100 Thieves,Gaming,you seem like the kind of guy to be in  thieves
@Nadeshot @JakeSucky 100 Incompetents not 100 Thieves,Gaming,nadeshot jake sucky  incompetents not  thieves
"4. Use money to make money

In 2019,¬†Drake‚Äôs net worth¬†was an estimated $140 million. A good percentage of that income comes from¬†endorsement deals and investments.

Drake‚Äôs deals include Jordan, Apple Music, Sprite, Warner Bros, &amp; has invested in an esports startup - 100 Thieves https://t.co/kg4eCFcouw",Politics, use money to make money in drakes net worthwas an estimated  million a good percentage of that income comes fromendorsement deals and investments drakes deals include jordan apple music sprite warner bros amp has invested in an esports startup  thieves
